{"cameraMode":{"drawMode":0,"name":"Shaded","section":"Shading Mode"},"sceneLighting":true,"audioPlay":false,"sceneViewState":{"showFog":true,"showMaterialUpdate":false,"showSkybox":true,"showFlares":true,"showImageEffects":true,"showParticleSystems":true,"showVisualEffectGraphs":true,"m_FxEnabled":true},"in2DMode":false,"pivot":{"x":1.4077751636505128,"y":-1.7744073867797852,"z":1.7030003070831299},"rotation":{"x":-0.03294181451201439,"y":0.9027720093727112,"z":-0.07029866427183151,"w":-0.4231279492378235},"size":1.5073950290679932,"orthographic":false}