{"cameraMode":{"drawMode":0,"name":"Shaded","section":"Shading Mode"},"sceneLighting":true,"audioPlay":false,"sceneViewState":{"showFog":true,"showMaterialUpdate":false,"showSkybox":true,"showFlares":true,"showImageEffects":true,"showParticleSystems":true,"showVisualEffectGraphs":true,"m_FxEnabled":true},"in2DMode":false,"pivot":{"x":2.9908084869384767,"y":1.1548360586166382,"z":4.237480163574219},"rotation":{"x":-0.001111075864173472,"y":0.9991196393966675,"z":0.02756994217634201,"w":0.03568481281399727},"size":3.009061336517334,"orthographic":false}